Created date,JobCode,Calendar Date,Calendar Date+1,Calendar Date+2,Territory
30-Sep-2021,303R-487DEAL,2021-09-29,2021-09-29,,AZ
30-Sep-2021,302R-976ASHT,2021-09-29,2021-09-29,,AZ
30-Sep-2021,301R-415DECK,2021-09-29,2021-09-29,,AZ
30-Sep-2021,301R-415DECK,2021-09-30,2021-09-30,,AZ
30-Sep-2021,301R-415DECK,2021-09-30,2021-09-30,,AZ
30-Sep-2021,301R-782NEED,2021-09-30,2021-09-30,,AZ
30-Sep-2021,301R-354SORE,2021-10-01,2021-10-01,,AZ
30-Sep-2021,302R-142FORT,2021-09-29,2021-09-29,,AZ
30-Sep-2021,301R-882AYSO,2021-09-30,2021-09-30,,AZ
30-Sep-2021,301R-882AYSO,2021-10-01,2021-10-01,,AZ
30-Sep-2021,304R-214LATU,2021-10-01,2021-10-01,,AZ
30-Sep-2021,117R-246JOHN,2021-10-01,2021-10-01,,NorCal
30-Sep-2021,117R-502MALD,2021-09-30,2021-09-30,,NorCal
30-Sep-2021,107R-632PAHR,2021-09-29,2021-09-29,,NorCal
30-Sep-2021,117R-542TSAN,2021-09-29,2021-09-29,,NorCal
30-Sep-2021,129R-458OCEG,2021-09-29,2021-09-29,,NorCal
30-Sep-2021,117R-781TUPO,2021-09-30,2021-09-30,,NorCal
30-Sep-2021,105R-919STEV,2021-09-29,2021-09-29,,NorCal
30-Sep-2021,S-6661462,2021-09-29,2021-09-30,,NorCal
30-Sep-2021,S-6665352,2021-09-29,2021-09-30,,NorCal
30-Sep-2021,107R-034BARR,2021-09-30,2021-09-30,,NorCal
30-Sep-2021,113R-207SCHO,2021-10-01,2021-10-01,,SoCal
30-Sep-2021,104r-814wage,2021-09-28,2021-09-29,,SoCal
30-Sep-2021,113R-561CAST,2021-09-29,2021-09-29,,SoCal
30-Sep-2021,S-6684859,2021-10-01,2021-10-01,,SoCal
30-Sep-2021,S-6607713,2021-10-01,2021-10-01,,SoCal
30-Sep-2021,113R-465DELA,2021-09-29,2021-09-29,,SoCal
30-Sep-2021,113R-159CHIO,2021-09-29,2021-09-29,,SoCal
30-Sep-2021,113R-919ABAP,2021-09-29,2021-09-29,,SoCal
30-Sep-2021,S-6582852,2021-09-28,2021-09-30,,SoCal
30-Sep-2021,6894-116R-771MAYE,2021-10-01,2021-10-01,,SoCal
30-Sep-2021,116R-563BRAN,2021-10-01,2021-10-01,,SoCal
30-Sep-2021,113R-726JIM1,2021-09-30,2021-09-30,,SoCal
30-Sep-2021,113R-186SALH,2021-09-30,2021-09-30,,SoCal
30-Sep-2021,113R-127JACK,2021-10-01,2021-10-01,,SoCal
30-Sep-2021,104R-736MARA,2021-09-29,2021-09-30,,SoCal
